{"UUID":"ARfhsr2j8ewt9SYuW0e56G","name":"Parabeac Counter App Demo (Copy)","isVisible":true,"debug":false,"pngPath":"/usr/src/app/temp-out/pb-tmp-f2144865-46a6-4c67-920b-5d7e3c58fa22/asdf/lib/assets/images","pages":[{"UUID":"0:1","name":"Page 1","isVisible":true,"convert":true,"screens":[{"UUID":"15:2","name":"CounterValueText","convert":true,"imageURI":"https://pbnestcore.blob.core.windows.net/arfhsr2j8ewt9syuw0e56g/15:2.png","pbdlType":"screen","designNode":{"UUID":"15:2","layoutMainAxisSizing":"NONE","layoutCrossAxisSizing":"NONE","name":"CounterValueText","isVisible":true,"boundaryRectangle":{"constrainProportions":false,"constraints":null,"height":29.0,"width":136.0,"x":384.0,"y":-214.0,"z":1.0,"type":"boundaryBox"},"style":{"UUID":"","name":"","isVisible":true,"prototypeNodeUUID":"","fills":[{"gradientStops":null,"gradientHandlePositions":[],"imageRef":null,"color":{"a":1.0,"r":1.0,"g":1.0,"b":1.0},"opacity":100,"blendMode":"NORMAL","type":"SOLID","isEnabled":false}],"borderOptions":{"borders":[],"strokeWeight":1.0,"strokeAlign":"INSIDE","strokeJoin":null,"strokeDashes":null,"cornerRadius":null},"effects":[],"textStyle":null,"clipsContent":false,"pbdlType":"style"},"constraints":{"pinLeft":false,"pinRight":false,"pinTop":false,"pinBottom":false,"fixedHeight":false,"fixedWidth":false},"symbolID":"15:2","overrideProperties":[{"UUID":"3:2","layoutMainAxisSizing":null,"layoutCrossAxisSizing":null,"name":"ovrValue","child":null,"constraints":{"pinLeft":false,"pinRight":false,"pinTop":false,"pinBottom":false,"fixedHeight":false,"fixedWidth":false},"value":{"UUID":"3:2","layoutMainAxisSizing":"NONE","layoutCrossAxisSizing":"NONE","name":"Value","isVisible":true,"boundaryRectangle":{"constrainProportions":false,"constraints":null,"height":29.0,"width":136.0,"x":384.0,"y":-214.0,"z":0.0,"type":"boundaryBox"},"style":{"UUID":"","name":"","isVisible":true,"prototypeNodeUUID":"","fills":[{"gradientStops":null,"gradientHandlePositions":[],"imageRef":null,"color":{"a":1.0,"r":0.0,"g":0.0,"b":0.0},"opacity":100,"blendMode":"NORMAL","type":"SOLID","isEnabled":true}],"borderOptions":{"borders":[],"strokeWeight":1.0,"strokeAlign":"OUTSIDE","strokeJoin":null,"strokeDashes":null,"cornerRadius":null},"effects":[],"textStyle":{"UUID":"","name":"","isVisible":false,"prototypeNodeUUID":"","fontFamily":"Sanchez","fontPostScriptName":"Sanchez-Regular","paragraphSpacing":0,"paragraphIndent":0,"listSpacing":0,"italics":null,"fontWeight":400,"fontSize":32.0,"textCase":"ORIGINAL","textDecoration":"NONE","textAutoResize":"NONE","textAlignHorizontal":"CENTER","textAlignVertical":"TOP","letterSpacing":0.0,"fills":null,"hyperLink":null,"opentypeFlags":{},"lineHeightPx":37.5,"lineHeightPercent":100.0,"lineHeightPercentFontSize":null,"lineHeightUnit":"INTRINSIC_%","pbdlType":"text_style"},"clipsContent":null,"pbdlType":"style"},"constraints":{"pinLeft":false,"pinRight":false,"pinTop":false,"pinBottom":false,"fixedHeight":false,"fixedWidth":false},"pbdlType":"text","content":"1"},"pbdlType":"pbdl_override_property","ovrType":"stringValue"}],"children":[{"UUID":"3:2","layoutMainAxisSizing":"NONE","layoutCrossAxisSizing":"NONE","name":"Value","isVisible":true,"boundaryRectangle":{"constrainProportions":false,"constraints":null,"height":29.0,"width":136.0,"x":384.0,"y":-214.0,"z":0.0,"type":"boundaryBox"},"style":{"UUID":"","name":"","isVisible":true,"prototypeNodeUUID":"","fills":[{"gradientStops":null,"gradientHandlePositions":[],"imageRef":null,"color":{"a":1.0,"r":0.0,"g":0.0,"b":0.0},"opacity":100,"blendMode":"NORMAL","type":"SOLID","isEnabled":true}],"borderOptions":{"borders":[],"strokeWeight":1.0,"strokeAlign":"OUTSIDE","strokeJoin":null,"strokeDashes":null,"cornerRadius":null},"effects":[],"textStyle":{"UUID":"","name":"","isVisible":false,"prototypeNodeUUID":"","fontFamily":"Sanchez","fontPostScriptName":"Sanchez-Regular","paragraphSpacing":0,"paragraphIndent":0,"listSpacing":0,"italics":null,"fontWeight":400,"fontSize":32.0,"textCase":"ORIGINAL","textDecoration":"NONE","textAutoResize":"NONE","textAlignHorizontal":"CENTER","textAlignVertical":"TOP","letterSpacing":0.0,"fills":null,"hyperLink":null,"opentypeFlags":{},"lineHeightPx":37.5,"lineHeightPercent":100.0,"lineHeightPercentFontSize":null,"lineHeightUnit":"INTRINSIC_%","pbdlType":"text_style"},"clipsContent":null,"pbdlType":"style"},"constraints":{"pinLeft":false,"pinRight":false,"pinTop":false,"pinBottom":false,"fixedHeight":false,"fixedWidth":false},"pbdlType":"text","content":"1"}],"pbdlType":"shared_master","componentSetName":null,"sharedNodeSetID":null},"isVisible":true},{"UUID":"1:21","name":"MyAppScreen","convert":true,"imageURI":"https://pbnestcore.blob.core.windows.net/arfhsr2j8ewt9syuw0e56g/1:21.png","pbdlType":"screen","designNode":{"UUID":"1:21","layoutMainAxisSizing":"NONE","layoutCrossAxisSizing":"NONE","name":"MyAppScreen","isVisible":true,"style":{"UUID":"","name":"","isVisible":true,"prototypeNodeUUID":"","fills":[{"gradientStops":null,"gradientHandlePositions":[],"imageRef":null,"color":{"a":1.0,"r":1.0,"g":1.0,"b":1.0},"opacity":100,"blendMode":"NORMAL","type":"SOLID","isEnabled":true}],"borderOptions":{"borders":[],"strokeWeight":1.0,"strokeAlign":"INSIDE","strokeJoin":null,"strokeDashes":null,"cornerRadius":null},"effects":[],"textStyle":null,"clipsContent":true,"pbdlType":"style"},"prototypeNodeUUID":null,"child":null,"constraints":null,"backgroundColor":{"a":1.0,"r":1.0,"g":1.0,"b":1.0},"boundaryRectangle":{"constrainProportions":false,"constraints":null,"height":812.0,"width":375.0,"x":-188.0,"y":-406.0,"z":0.0,"type":"boundaryBox"},"isFlowHome":false,"pbdlType":"artboard","children":[{"UUID":"630:3","layoutMainAxisSizing":"NONE","layoutCrossAxisSizing":"NONE","name":"Header","isVisible":true,"boundaryRectangle":{"constrainProportions":false,"constraints":null,"height":95.0,"width":375.0,"x":-188.0,"y":-406.0,"z":0.0,"type":"boundaryBox"},"style":{"UUID":"","name":"","isVisible":true,"prototypeNodeUUID":"","fills":[{"gradientStops":null,"gradientHandlePositions":[],"imageRef":null,"color":{"a":1.0,"r":1.0,"g":1.0,"b":1.0},"opacity":100,"blendMode":"NORMAL","type":"SOLID","isEnabled":false}],"borderOptions":{"borders":[],"strokeWeight":1.0,"strokeAlign":"INSIDE","strokeJoin":null,"strokeDashes":null,"cornerRadius":null},"effects":[],"textStyle":null,"clipsContent":false,"pbdlType":"style"},"prototypeNodeUUID":null,"constraints":{"pinLeft":true,"pinRight":true,"pinTop":true,"pinBottom":false,"fixedHeight":true,"fixedWidth":false},"children":[{"UUID":"1:23","layoutMainAxisSizing":"NONE","layoutCrossAxisSizing":"NONE","name":"background","isVisible":true,"boundaryRectangle":{"constrainProportions":false,"constraints":null,"height":95.0,"width":375.0,"x":-188.0,"y":-406.0,"z":0.0,"type":"boundaryBox"},"child":null,"constraints":{"pinLeft":true,"pinRight":true,"pinTop":true,"pinBottom":false,"fixedHeight":true,"fixedWidth":false},"style":{"UUID":"","name":"","isVisible":true,"prototypeNodeUUID":"","fills":[{"gradientStops":[{"color":{"a":1.0,"r":0.2078431397676468,"g":0.5960784554481506,"b":0.9843137264251709},"position":0.0},{"color":{"a":1.0,"r":0.21176470816135406,"g":0.33725491166114807,"b":0.7647058963775635},"position":1.0}],"gradientHandlePositions":[{"x":1.5,"y":0.5},{"x":0.5,"y":-0.5},{"x":2.0,"y":0.0}],"imageRef":null,"color":null,"opacity":100,"blendMode":"NORMAL","type":"GRADIENT_LINEAR","isEnabled":false},{"gradientStops":null,"gradientHandlePositions":[],"imageRef":null,"color":{"a":1.0,"r":0.2078431397676468,"g":0.5960784554481506,"b":0.9843137264251709},"opacity":100,"blendMode":"NORMAL","type":"SOLID","isEnabled":true}],"borderOptions":{"borders":[{"blendMode":"NORMAL","type":"SOLID","color":{"a":1.0,"r":0.5920000076293945,"g":0.5920000076293945,"b":0.5920000076293945},"visible":false}],"strokeWeight":0.0,"strokeAlign":"CENTER","strokeJoin":null,"strokeDashes":null,"cornerRadius":null},"effects":[],"textStyle":null,"clipsContent":null,"pbdlType":"style"},"imageReference":"images/background.png","prototypeNodeUUID":null,"pbdlType":"image"},{"UUID":"1:25","layoutMainAxisSizing":"NONE","layoutCrossAxisSizing":"NONE","name":"Header Text ","isVisible":true,"boundaryRectangle":{"constrainProportions":false,"constraints":null,"height":28.0,"width":254.0,"x":-124.0,"y":-358.0,"z":1.0,"type":"boundaryBox"},"style":{"UUID":"","name":"","isVisible":true,"prototypeNodeUUID":"","fills":[{"gradientStops":null,"gradientHandlePositions":[],"imageRef":null,"color":{"a":1.0,"r":1.0,"g":1.0,"b":1.0},"opacity":100,"blendMode":"NORMAL","type":"SOLID","isEnabled":true}],"borderOptions":{"borders":[],"strokeWeight":0.0,"strokeAlign":"CENTER","strokeJoin":null,"strokeDashes":null,"cornerRadius":null},"effects":[],"textStyle":{"UUID":"","name":"","isVisible":false,"prototypeNodeUUID":"","fontFamily":"Sanchez","fontPostScriptName":"Sanchez-Regular","paragraphSpacing":0,"paragraphIndent":0,"listSpacing":0,"italics":null,"fontWeight":400,"fontSize":21.0,"textCase":"ORIGINAL","textDecoration":"NONE","textAutoResize":"NONE","textAlignHorizontal":"CENTER","textAlignVertical":"TOP","letterSpacing":0.0,"fills":null,"hyperLink":null,"opentypeFlags":{},"lineHeightPx":24.609375,"lineHeightPercent":100.0,"lineHeightPercentFontSize":null,"lineHeightUnit":"INTRINSIC_%","pbdlType":"text_style"},"clipsContent":null,"pbdlType":"style"},"constraints":{"pinLeft":true,"pinRight":true,"pinTop":true,"pinBottom":false,"fixedHeight":true,"fixedWidth":false},"pbdlType":"text","content":"Flutter Demo Home Page"}],"pbdlType":"frame","fixedRadius":null,"background":null,"autoLayoutOptions":null},{"UUID":"5:3","layoutMainAxisSizing":"NONE","layoutCrossAxisSizing":"NONE","name":"Counter Button<custom>","isVisible":true,"boundaryRectangle":{"constrainProportions":false,"constraints":null,"height":70.0,"width":70.0,"x":95.0,"y":317.0,"z":1.0,"type":"boundaryBox"},"style":{"UUID":"","name":"","isVisible":true,"prototypeNodeUUID":"","fills":[{"gradientStops":null,"gradientHandlePositions":[],"imageRef":null,"color":{"a":1.0,"r":1.0,"g":1.0,"b":1.0},"opacity":100,"blendMode":"NORMAL","type":"SOLID","isEnabled":false}],"borderOptions":{"borders":[],"strokeWeight":1.0,"strokeAlign":"INSIDE","strokeJoin":null,"strokeDashes":null,"cornerRadius":null},"effects":[],"textStyle":null,"clipsContent":false,"pbdlType":"style"},"prototypeNodeUUID":null,"constraints":{"pinLeft":false,"pinRight":true,"pinTop":false,"pinBottom":true,"fixedHeight":true,"fixedWidth":true},"children":[{"UUID":"1:134","layoutMainAxisSizing":"NONE","layoutCrossAxisSizing":"NONE","name":"Ellipse 1","isVisible":true,"boundaryRectangle":{"constrainProportions":false,"constraints":null,"height":70.0,"width":70.0,"x":95.0,"y":317.0,"z":0.0,"type":"boundaryBox"},"child":null,"constraints":{"pinLeft":false,"pinRight":false,"pinTop":false,"pinBottom":false,"fixedHeight":false,"fixedWidth":false},"style":{"UUID":"","name":"","isVisible":true,"prototypeNodeUUID":"","fills":[{"gradientStops":null,"gradientHandlePositions":[],"imageRef":null,"color":{"a":1.0,"r":0.2078431248664856,"g":0.9377255439758301,"b":0.9843137264251709},"opacity":100,"blendMode":"NORMAL","type":"SOLID","isEnabled":true},{"gradientStops":null,"gradientHandlePositions":[],"imageRef":null,"color":{"a":1.0,"r":0.0,"g":0.0,"b":0.0},"opacity":0.20000000298023224,"blendMode":"NORMAL","type":"SOLID","isEnabled":true}],"borderOptions":{"borders":[],"strokeWeight":1.0,"strokeAlign":"INSIDE","strokeJoin":null,"strokeDashes":null,"cornerRadius":null},"effects":[],"textStyle":null,"clipsContent":null,"pbdlType":"style"},"imageReference":"images/ellipse1.png","prototypeNodeUUID":null,"pbdlType":"image"},{"UUID":"1:137","layoutMainAxisSizing":"NONE","layoutCrossAxisSizing":"NONE","name":"+","isVisible":true,"boundaryRectangle":{"constrainProportions":false,"constraints":null,"height":70.0,"width":41.0,"x":109.0,"y":317.0,"z":1.0,"type":"boundaryBox"},"style":{"UUID":"","name":"","isVisible":true,"prototypeNodeUUID":"","fills":[{"gradientStops":null,"gradientHandlePositions":[],"imageRef":null,"color":{"a":1.0,"r":1.0,"g":1.0,"b":1.0},"opacity":100,"blendMode":"NORMAL","type":"SOLID","isEnabled":true}],"borderOptions":{"borders":[],"strokeWeight":1.0,"strokeAlign":"OUTSIDE","strokeJoin":null,"strokeDashes":null,"cornerRadius":null},"effects":[],"textStyle":{"UUID":"","name":"","isVisible":false,"prototypeNodeUUID":"","fontFamily":"Sanchez","fontPostScriptName":"Sanchez-Regular","paragraphSpacing":0,"paragraphIndent":0,"listSpacing":0,"italics":null,"fontWeight":400,"fontSize":48.0,"textCase":"ORIGINAL","textDecoration":"NONE","textAutoResize":"NONE","textAlignHorizontal":"CENTER","textAlignVertical":"TOP","letterSpacing":0.0,"fills":null,"hyperLink":null,"opentypeFlags":{},"lineHeightPx":56.25,"lineHeightPercent":100.0,"lineHeightPercentFontSize":null,"lineHeightUnit":"INTRINSIC_%","pbdlType":"text_style"},"clipsContent":null,"pbdlType":"style"},"constraints":{"pinLeft":false,"pinRight":false,"pinTop":false,"pinBottom":false,"fixedHeight":true,"fixedWidth":true},"pbdlType":"text","content":"+"}],"pbdlType":"frame","fixedRadius":null,"background":null,"autoLayoutOptions":null},{"UUID":"1:138","layoutMainAxisSizing":"NONE","layoutCrossAxisSizing":"NONE","name":"You haveee pushed the button this many times:","isVisible":true,"boundaryRectangle":{"constrainProportions":false,"constraints":null,"height":95.0,"width":286.0,"x":-144.0,"y":-21.0,"z":2.0,"type":"boundaryBox"},"style":{"UUID":"","name":"","isVisible":true,"prototypeNodeUUID":"","fills":[{"gradientStops":null,"gradientHandlePositions":[],"imageRef":null,"color":{"a":1.0,"r":0.0,"g":0.0,"b":0.0},"opacity":0.6299999952316284,"blendMode":"NORMAL","type":"SOLID","isEnabled":true}],"borderOptions":{"borders":[],"strokeWeight":1.0,"strokeAlign":"OUTSIDE","strokeJoin":null,"strokeDashes":null,"cornerRadius":null},"effects":[],"textStyle":{"UUID":"","name":"","isVisible":false,"prototypeNodeUUID":"","fontFamily":"Sanchez","fontPostScriptName":"Sanchez-Regular","paragraphSpacing":0,"paragraphIndent":0,"listSpacing":0,"italics":null,"fontWeight":400,"fontSize":21.0,"textCase":"ORIGINAL","textDecoration":"NONE","textAutoResize":"NONE","textAlignHorizontal":"CENTER","textAlignVertical":"TOP","letterSpacing":0.0,"fills":null,"hyperLink":null,"opentypeFlags":{},"lineHeightPx":24.609375,"lineHeightPercent":100.0,"lineHeightPercentFontSize":null,"lineHeightUnit":"INTRINSIC_%","pbdlType":"text_style"},"clipsContent":null,"pbdlType":"style"},"constraints":{"pinLeft":false,"pinRight":false,"pinTop":true,"pinBottom":false,"fixedHeight":true,"fixedWidth":true},"pbdlType":"text","content":"You haveee pushed the button this many times:"},{"UUID":"20:10","layoutMainAxisSizing":"NONE","layoutCrossAxisSizing":"NONE","name":"CounterValueHolder<custom>","isVisible":true,"boundaryRectangle":{"constrainProportions":false,"constraints":null,"height":29.0,"width":136.0,"x":-69.0,"y":45.0,"z":3.0,"type":"boundaryBox"},"style":{"UUID":"","name":"","isVisible":true,"prototypeNodeUUID":"","fills":[{"gradientStops":null,"gradientHandlePositions":[],"imageRef":null,"color":{"a":1.0,"r":1.0,"g":1.0,"b":1.0},"opacity":100,"blendMode":"NORMAL","type":"SOLID","isEnabled":false}],"borderOptions":{"borders":[],"strokeWeight":1.0,"strokeAlign":"INSIDE","strokeJoin":null,"strokeDashes":null,"cornerRadius":null},"effects":[],"textStyle":null,"clipsContent":false,"pbdlType":"style"},"constraints":{"pinLeft":false,"pinRight":false,"pinTop":true,"pinBottom":false,"fixedHeight":true,"fixedWidth":true},"symbolID":"15:2","parameters":null,"overrideValues":[{"UUID":"3:2","layoutMainAxisSizing":null,"layoutCrossAxisSizing":null,"name":"Value","isVisible":true,"boundaryRectangle":null,"style":null,"prototypeNodeUUID":null,"child":null,"constraints":{"pinLeft":false,"pinRight":false,"pinTop":false,"pinBottom":false,"fixedHeight":false,"fixedWidth":false},"value":{"UUID":"I20:10;3:2","layoutMainAxisSizing":"NONE","layoutCrossAxisSizing":"NONE","name":"Value","isVisible":true,"boundaryRectangle":{"constrainProportions":false,"constraints":null,"height":29.0,"width":136.0,"x":-69.0,"y":45.0,"z":0.0,"type":"boundaryBox"},"style":{"UUID":"","name":"","isVisible":true,"prototypeNodeUUID":"","fills":[{"gradientStops":null,"gradientHandlePositions":[],"imageRef":null,"color":{"a":1.0,"r":0.0,"g":0.0,"b":0.0},"opacity":100,"blendMode":"NORMAL","type":"SOLID","isEnabled":true}],"borderOptions":{"borders":[],"strokeWeight":1.0,"strokeAlign":"OUTSIDE","strokeJoin":null,"strokeDashes":null,"cornerRadius":null},"effects":[],"textStyle":{"UUID":"","name":"","isVisible":false,"prototypeNodeUUID":"","fontFamily":"Sanchez","fontPostScriptName":"Sanchez-Regular","paragraphSpacing":0,"paragraphIndent":0,"listSpacing":0,"italics":null,"fontWeight":400,"fontSize":32.0,"textCase":"ORIGINAL","textDecoration":"NONE","textAutoResize":"NONE","textAlignHorizontal":"CENTER","textAlignVertical":"TOP","letterSpacing":0.0,"fills":null,"hyperLink":null,"opentypeFlags":{},"lineHeightPx":37.5,"lineHeightPercent":100.0,"lineHeightPercentFontSize":null,"lineHeightUnit":"INTRINSIC_%","pbdlType":"text_style"},"clipsContent":null,"pbdlType":"style"},"constraints":{"pinLeft":false,"pinRight":false,"pinTop":false,"pinBottom":false,"fixedHeight":false,"fixedWidth":false},"pbdlType":"text","content":"1"},"valueName":"1","pbdlType":"pbdl_override_value","ovrType":"stringValue"}],"sharedNodeSetID":null,"pbdlType":"shared_instance"}]},"isVisible":true}],"pbdlType":"page"},{"UUID":"1226:54","name":"Page 5adsfaf","isVisible":true,"convert":true,"screens":[{"UUID":"1230:67","name":"Frame 2","convert":true,"imageURI":"https://pbnestcore.blob.core.windows.net/arfhsr2j8ewt9syuw0e56g/1230:67.png","pbdlType":"screen","designNode":{"UUID":"1230:67","layoutMainAxisSizing":"NONE","layoutCrossAxisSizing":"NONE","name":"Frame 2","isVisible":true,"style":{"UUID":"","name":"","isVisible":true,"prototypeNodeUUID":"","fills":[{"gradientStops":null,"gradientHandlePositions":[],"imageRef":null,"color":{"a":1.0,"r":1.0,"g":1.0,"b":1.0},"opacity":100,"blendMode":"NORMAL","type":"SOLID","isEnabled":true}],"borderOptions":{"borders":[],"strokeWeight":1.0,"strokeAlign":"INSIDE","strokeJoin":null,"strokeDashes":null,"cornerRadius":null},"effects":[],"textStyle":null,"clipsContent":true,"pbdlType":"style"},"prototypeNodeUUID":null,"child":null,"constraints":null,"backgroundColor":{"a":1.0,"r":1.0,"g":1.0,"b":1.0},"boundaryRectangle":{"constrainProportions":false,"constraints":null,"height":201.0,"width":386.0,"x":-296.0,"y":-198.0,"z":0.0,"type":"boundaryBox"},"isFlowHome":false,"pbdlType":"artboard","children":[{"UUID":"1231:72","layoutMainAxisSizing":"NONE","layoutCrossAxisSizing":"NONE","name":"asdfasdfadsf","isVisible":true,"boundaryRectangle":{"constrainProportions":false,"constraints":null,"height":93.0,"width":239.0,"x":-296.0,"y":-174.0,"z":0.0,"type":"boundaryBox"},"style":{"UUID":"","name":"","isVisible":true,"prototypeNodeUUID":"","fills":[{"gradientStops":null,"gradientHandlePositions":[],"imageRef":null,"color":{"a":1.0,"r":0.0,"g":0.0,"b":0.0},"opacity":100,"blendMode":"NORMAL","type":"SOLID","isEnabled":true}],"borderOptions":{"borders":[],"strokeWeight":1.0,"strokeAlign":"OUTSIDE","strokeJoin":null,"strokeDashes":null,"cornerRadius":null},"effects":[],"textStyle":{"UUID":"","name":"","isVisible":false,"prototypeNodeUUID":"","fontFamily":"Inter","fontPostScriptName":null,"paragraphSpacing":0,"paragraphIndent":0,"listSpacing":0,"italics":null,"fontWeight":400,"fontSize":12.0,"textCase":"ORIGINAL","textDecoration":"NONE","textAutoResize":"NONE","textAlignHorizontal":"LEFT","textAlignVertical":"TOP","letterSpacing":0.0,"fills":null,"hyperLink":null,"opentypeFlags":{},"lineHeightPx":14.0625,"lineHeightPercent":100.0,"lineHeightPercentFontSize":null,"lineHeightUnit":"INTRINSIC_%","pbdlType":"text_style"},"clipsContent":null,"pbdlType":"style"},"constraints":{"pinLeft":true,"pinRight":false,"pinTop":true,"pinBottom":false,"fixedHeight":true,"fixedWidth":true},"pbdlType":"text","content":"asdfasdfadsf"}]},"isVisible":true}],"pbdlType":"page"},{"UUID":"1243:91","name":"Page 3","isVisible":true,"convert":true,"screens":[{"UUID":"1245:95","name":"Frame 2","convert":true,"imageURI":"https://pbnestcore.blob.core.windows.net/arfhsr2j8ewt9syuw0e56g/1245:95.png","pbdlType":"screen","designNode":{"UUID":"1245:95","layoutMainAxisSizing":"NONE","layoutCrossAxisSizing":"NONE","name":"Frame 2","isVisible":true,"style":{"UUID":"","name":"","isVisible":true,"prototypeNodeUUID":"","fills":[{"gradientStops":null,"gradientHandlePositions":[],"imageRef":null,"color":{"a":1.0,"r":1.0,"g":1.0,"b":1.0},"opacity":100,"blendMode":"NORMAL","type":"SOLID","isEnabled":true}],"borderOptions":{"borders":[],"strokeWeight":1.0,"strokeAlign":"INSIDE","strokeJoin":null,"strokeDashes":null,"cornerRadius":null},"effects":[],"textStyle":null,"clipsContent":true,"pbdlType":"style"},"prototypeNodeUUID":null,"child":null,"constraints":null,"backgroundColor":{"a":1.0,"r":1.0,"g":1.0,"b":1.0},"boundaryRectangle":{"constrainProportions":false,"constraints":null,"height":306.0,"width":462.0,"x":-183.0,"y":2.0,"z":0.0,"type":"boundaryBox"},"isFlowHome":false,"pbdlType":"artboard","children":[]},"isVisible":true},{"UUID":"1246:102","name":"Frame 3","convert":true,"imageURI":"https://pbnestcore.blob.core.windows.net/arfhsr2j8ewt9syuw0e56g/1246:102.png","pbdlType":"screen","designNode":{"UUID":"1246:102","layoutMainAxisSizing":"NONE","layoutCrossAxisSizing":"NONE","name":"Frame 3","isVisible":true,"style":{"UUID":"","name":"","isVisible":true,"prototypeNodeUUID":"","fills":[{"gradientStops":null,"gradientHandlePositions":[],"imageRef":null,"color":{"a":1.0,"r":1.0,"g":1.0,"b":1.0},"opacity":100,"blendMode":"NORMAL","type":"SOLID","isEnabled":true}],"borderOptions":{"borders":[],"strokeWeight":1.0,"strokeAlign":"INSIDE","strokeJoin":null,"strokeDashes":null,"cornerRadius":null},"effects":[],"textStyle":null,"clipsContent":true,"pbdlType":"style"},"prototypeNodeUUID":null,"child":null,"constraints":null,"backgroundColor":{"a":1.0,"r":1.0,"g":1.0,"b":1.0},"boundaryRectangle":{"constrainProportions":false,"constraints":null,"height":203.0,"width":289.0,"x":-607.0,"y":-341.0,"z":1.0,"type":"boundaryBox"},"isFlowHome":false,"pbdlType":"artboard","children":[]},"isVisible":true}],"pbdlType":"page"}],"miscPages":[],"sharedStyles":[],"globalStyles":{"UUID":"","layoutMainAxisSizing":null,"layoutCrossAxisSizing":null,"name":"","isVisible":false,"boundaryRectangle":null,"style":null,"prototypeNodeUUID":null,"child":null,"constraints":null,"pbdlType":"global_styles","colors":[],"textStyles":[]},"pbdlType":"project","azure_container_uri":"https://pbnestcore.blob.core.windows.net/arfhsr2j8ewt9syuw0e56g"}