{"UUID":"FhH2ZSJCDiRb6ZW8iCuJhm","name":"Untitled","isVisible":true,"debug":false,"pngPath":"/usr/src/app/temp-out/pb-tmp-320056cc-8e04-484a-95aa-b0cbfebf7537/theming/lib/assets/images","pages":[{"UUID":"0:1","name":"Page 1","isVisible":true,"convert":true,"screens":[],"pbdlType":"page"}],"miscPages":[],"sharedStyles":[],"globalStyles":{"UUID":"","layoutMainAxisSizing":null,"layoutCrossAxisSizing":null,"name":"","isVisible":false,"boundaryRectangle":null,"style":null,"prototypeNodeUUID":null,"child":null,"constraints":null,"pbdlType":"global_styles","colors":[{"UUID":"15:34","layoutMainAxisSizing":null,"layoutCrossAxisSizing":null,"name":"aar","isVisible":false,"boundaryRectangle":null,"style":null,"prototypeNodeUUID":null,"child":null,"constraints":null,"description":"","pbdlType":"global_color","color":{"a":1.0,"r":0.5666666626930237,"g":0.42027777433395386,"b":0.42027777433395386}},{"UUID":"22:2","layoutMainAxisSizing":null,"layoutCrossAxisSizing":null,"name":"hihih","isVisible":false,"boundaryRectangle":null,"style":null,"prototypeNodeUUID":null,"child":null,"constraints":null,"description":"","pbdlType":"global_color","color":{"a":1.0,"r":0.7541666626930237,"g":0.2639583647251129,"b":0.2639583647251129}}],"textStyles":[{"UUID":"18:2","layoutMainAxisSizing":null,"layoutCrossAxisSizing":null,"name":"aaron14444","isVisible":false,"boundaryRectangle":null,"style":null,"prototypeNodeUUID":null,"child":null,"constraints":null,"description":"","pbdlType":"global_text_style","textStyle":{"UUID":"","name":"","isVisible":false,"prototypeNodeUUID":"","fontFamily":"Inter","fontPostScriptName":null,"paragraphSpacing":0,"paragraphIndent":0,"listSpacing":0,"italics":null,"fontWeight":400,"fontSize":12.0,"textCase":"ORIGINAL","textDecoration":"NONE","textAutoResize":"WIDTH_AND_HEIGHT","textAlignHorizontal":"LEFT","textAlignVertical":"TOP","letterSpacing":0.0,"fills":null,"hyperLink":null,"opentypeFlags":{},"lineHeightPx":14.0625,"lineHeightPercent":100.0,"lineHeightPercentFontSize":null,"lineHeightUnit":"INTRINSIC_%","pbdlType":"text_style"}},{"UUID":"15:36","layoutMainAxisSizing":null,"layoutCrossAxisSizing":null,"name":"aaron","isVisible":false,"boundaryRectangle":null,"style":null,"prototypeNodeUUID":null,"child":null,"constraints":null,"description":"","pbdlType":"global_text_style","textStyle":{"UUID":"","name":"","isVisible":false,"prototypeNodeUUID":"","fontFamily":"Inter","fontPostScriptName":null,"paragraphSpacing":0,"paragraphIndent":0,"listSpacing":0,"italics":null,"fontWeight":400,"fontSize":12.0,"textCase":"ORIGINAL","textDecoration":"NONE","textAutoResize":"WIDTH_AND_HEIGHT","textAlignHorizontal":"LEFT","textAlignVertical":"TOP","letterSpacing":0.0,"fills":null,"hyperLink":null,"opentypeFlags":{},"lineHeightPx":14.0625,"lineHeightPercent":100.0,"lineHeightPercentFontSize":null,"lineHeightUnit":"INTRINSIC_%","pbdlType":"text_style"}},{"UUID":"22:4","layoutMainAxisSizing":null,"layoutCrossAxisSizing":null,"name":"yeryyyy","isVisible":false,"boundaryRectangle":null,"style":null,"prototypeNodeUUID":null,"child":null,"constraints":null,"description":"","pbdlType":"global_text_style","textStyle":{"UUID":"","name":"","isVisible":false,"prototypeNodeUUID":"","fontFamily":"Inter","fontPostScriptName":null,"paragraphSpacing":0,"paragraphIndent":0,"listSpacing":0,"italics":null,"fontWeight":400,"fontSize":12.0,"textCase":"ORIGINAL","textDecoration":"NONE","textAutoResize":"WIDTH_AND_HEIGHT","textAlignHorizontal":"LEFT","textAlignVertical":"TOP","letterSpacing":0.0,"fills":null,"hyperLink":null,"opentypeFlags":{},"lineHeightPx":14.0625,"lineHeightPercent":100.0,"lineHeightPercentFontSize":null,"lineHeightUnit":"INTRINSIC_%","pbdlType":"text_style"}}]},"pbdlType":"project"}